{
   "cam-x" : 0,
   "cam-y" : 0,
   "cam-z" : 0,
   "confidence" : 100,
   "depth_clamp" : 1.4000008106231689,
   "lr_clamp" : 0.89999997615814209,
   "rotation" : -0.62999951839447021,
   "timing" : 15
}
